Workbook

Sheet Activity_merged
A1: Id | B1: ActivityDate | C1: CleanDate | D1: TotalSteps | E1: TotalDistance | F1: TrackerDistance | G1: LoggedActivitiesDistance | H1: VeryActiveDistance | I1: ModeratelyActiveDistance | J1: LightActiveDistance | K1: SedentaryActiveDistance | L1: VeryActiveMinutes | M1: FairlyActiveMinutes | N1: LightlyActiveMinutes | O1: SedentaryMinutes | P1: Calories
A2: 1503960366 | B2: 42454 | C2: =DATEVALUE(B2) -> 42454 | D2: 11004 | E2: 7.1100001 | F2: 7.1100001 | G2: 0 | H2: 2.5699999 | I2: 0.46000001 | J2: 4.0700002 | K2: 0 | L2: 33 | M2: 12 | N2: 205 | O2: 804 | P2: 1819
A3: 1503960366 | B3: 42455 | C3: =DATEVALUE(B3) -> 42455 | D3: 17609 | E3: 11.55 | F3: 11.55 | G3: 0 | H3: 6.9200001 | I3: 0.73000002 | J3: 3.9100001 | K3: 0 | L3: 89 | M3: 17 | N3: 274 | O3: 588 | P3: 2154
A4: 1503960366 | B4: 42456 | C4: =DATEVALUE(B4) -> 42456 | D4: 12736 | E4: 8.5299997 | F4: 8.5299997 | G4: 0 | H4: 4.6599998 | I4: 0.16 | J4: 3.71 | K4: 0 | L4: 56 | M4: 5 | N4: 268 | O4: 605 | P4: 1944
A5: 1503960366 | B5: 42457 | C5: =DATEVALUE(B5) -> 42457 | D5: 13231 | E5: 8.9300003 | F5: 8.9300003 | G5: 0 | H5: 3.1900001 | I5: 0.79000002 | J5: 4.9499998 | K5: 0 | L5: 39 | M5: 20 | N5: 224 | O5: 1080 | P5: 1932
A6: 1503960366 | B6: 42458 | C6: =DATEVALUE(B6) -> 42458 | D6: 12041 | E6: 7.8499999 | F6: 7.8499999 | G6: 0 | H6: 2.1600001 | I6: 1.09 | J6: 4.6100001 | K6: 0 | L6: 28 | M6: 28 | N6: 243 | O6: 763 | P6: 1886
A7: 1503960366 | B7: 42459 | C7: =DATEVALUE(B7) -> 42459 | D7: 10970 | E7: 7.1599998 | F7: 7.1599998 | G7: 0 | H7: 2.3599999 | I7: 0.50999999 | J7: 4.29 | K7: 0 | L7: 30 | M7: 13 | N7: 223 | O7: 1174 | P7: 1820
A8: 1503960366 | B8: 42460 | C8: =DATEVALUE(B8) -> 42460 | D8: 12256 | E8: 7.8600001 | F8: 7.8600001 | G8: 0 | H8: 2.29 | I8: 0.49000001 | J8: 5.04 | K8: 0 | L8: 33 | M8: 12 | N8: 239 | O8: 820 | P8: 1889
A9: 1503960366 | B9: 42461 | C9: =DATEVALUE(B9) -> 42461 | D9: 12262 | E9: 7.8699999 | F9: 7.8699999 | G9: 0 | H9: 3.3199999 | I9: 0.82999998 | J9: 3.6400001 | K9: 0 | L9: 47 | M9: 21 | N9: 200 | O9: 866 | P9: 1868
A10: 1503960366 | B10: 42462 | C10: =DATEVALUE(B10) -> 42462 | D10: 11248 | E10: 7.25 | F10: 7.25 | G10: 0 | H10: 3 | I10: 0.44999999 | J10: 3.74 | K10: 0 | L10: 40 | M10: 11 | N10: 244 | O10: 636 | P10: 1843
A11: 1503960366 | B11: 42463 | C11: =DATEVALUE(B11) -> 42463 | D11: 10016 | E11: 6.3699999 | F11: 6.3699999 | G11: 0 | H11: 0.91000003 | I11: 1.28 | J11: 4.1799998 | K11: 0 | L11: 15 | M11: 30 | N11: 314 | O11: 655 | P11: 1850
A12: 1503960366 | B12: 42464 | C12: =DATEVALUE(B12) -> 42464 | D12: 14557 | E12: 9.8000002 | F12: 9.8000002 | G12: 0 | H12: 3.3900001 | I12: 0.69999999 | J12: 5.6900001 | K12: 0 | L12: 43 | M12: 18 | N12: 285 | O12: 757 | P12: 2030
A13: 1503960366 | B13: 42465 | C13: =DATEVALUE(B13) -> 42465 | D13: 14844 | E13: 9.7299995 | F13: 9.7299995 | G13: 0 | H13: 2.9400001 | I13: 0.75999999 | J13: 6.04 | K13: 0 | L13: 36 | M13: 18 | N13: 341 | O13: 736 | P13: 2083
... A458: 8877689391 | B458: 42472 | C458: =DATEVALUE(B458) -> 42472 | D458: 2350 | E458: 1.78 | F458: 1.78 | G458: 0 | H458: 0 | I458: 0 | J458: 1.78 | K458: 0 | L458: 0 | M458: 0 | N458: 58 | O458: 531 | P458: 938

Sheet sleepDay_merged
A1: Id | B1: SleepDay | C1: CleanDate | D1: TotalSleepRecords | E1: TotalMinutesAsleep | F1: TotalTimeInBed | G1: MinutesAwakeInBed
A2: 1503960366 | B2: 42472 | C2: =DATEVALUE(B2) -> 42472 | D2: 1 | E2: 327 | F2: 346 | G2: =F2-E2 -> 19
A3: 1503960366 | B3: 42473 | C3: =DATEVALUE(B3) -> 42473 | D3: 2 | E3: 384 | F3: 407 | G3: =F3-E3 -> 23
A4: 1503960366 | B4: 42475 | C4: =DATEVALUE(B4) -> 42475 | D4: 1 | E4: 412 | F4: 442 | G4: =F4-E4 -> 30
A5: 1503960366 | B5: 42476 | C5: =DATEVALUE(B5) -> 42476 | D5: 2 | E5: 340 | F5: 367 | G5: =F5-E5 -> 27
A6: 1503960366 | B6: 42477 | C6: =DATEVALUE(B6) -> 42477 | D6: 1 | E6: 700 | F6: 712 | G6: =F6-E6 -> 12
A7: 1503960366 | B7: 42479 | C7: =DATEVALUE(B7) -> 42479 | D7: 1 | E7: 304 | F7: 320 | G7: =F7-E7 -> 16
A8: 1503960366 | B8: 42480 | C8: =DATEVALUE(B8) -> 42480 | D8: 1 | E8: 360 | F8: 377 | G8: =F8-E8 -> 17
A9: 1503960366 | B9: 42481 | C9: =DATEVALUE(B9) -> 42481 | D9: 1 | E9: 325 | F9: 364 | G9: =F9-E9 -> 39
A10: 1503960366 | B10: 42483 | C10: =DATEVALUE(B10) -> 42483 | D10: 1 | E10: 361 | F10: 384 | G10: =F10-E10 -> 23
A11: 1503960366 | B11: 42484 | C11: =DATEVALUE(B11) -> 42484 | D11: 1 | E11: 430 | F11: 449 | G11: =F11-E11 -> 19
A12: 1503960366 | B12: 42485 | C12: =DATEVALUE(B12) -> 42485 | D12: 1 | E12: 277 | F12: 323 | G12: =F12-E12 -> 46
A13: 1503960366 | B13: 42486 | C13: =DATEVALUE(B13) -> 42486 | D13: 1 | E13: 245 | F13: 274 | G13: =F13-E13 -> 29
... A414: 8792009665 | B414: 42494 | C414: =DATEVALUE(B414) -> 42494 | D414: 1 | E414: 439 | F414: 463 | G414: =F414-E414 -> 24

Sheet daily_summary
A1: Id | B1: AvgSteps | C1: AvgCalories | D1: AvgDistance | E1: DaysTracked | F1: DataQualityFlag
A2: {=UNIQUE(Activity_merged!A2:A1000)} -> 1503960366 | B2: =AVERAGEIF(Activity_merged!A:A,A2,Activity_merged!D:D) -> 11640.526 | C2: =AVERAGEIF(Activity_merged!A:A,A2,Activity_merged!P:P) -> 1796.2105 | D2: =AVERAGEIF(Activity_merged!A:A,A2,Activity_merged!E:E) -> 7.6073685 | E2: =COUNTIF(Activity_merged!A:A,A2) -> 19 | F2: =IF(AND(B2=0,D2=0,E2>0),"Missing Data","OK") -> OK
A3: 1624580081 | B3: =AVERAGEIF(Activity_merged!A:A,A3,Activity_merged!D:D) -> 4226.2632 | C3: =AVERAGEIF(Activity_merged!A:A,A3,Activity_merged!P:P) -> 1352.8947 | D3: =AVERAGEIF(Activity_merged!A:A,A3,Activity_merged!E:E) -> 2.7468421 | E3: =COUNTIF(Activity_merged!A:A,A3) -> 19 | F3: =IF(AND(B3=0,D3=0,E3>0),"Missing Data","OK") -> OK
A4: 1644430081 | B4: =AVERAGEIF(Activity_merged!A:A,A4,Activity_merged!D:D) -> 9274.8 | C4: =AVERAGEIF(Activity_merged!A:A,A4,Activity_merged!P:P) -> 2916.4 | D4: =AVERAGEIF(Activity_merged!A:A,A4,Activity_merged!E:E) -> 6.749 | E4: =COUNTIF(Activity_merged!A:A,A4) -> 10 | F4: =IF(AND(B4=0,D4=0,E4>0),"Missing Data","OK") -> OK
A5: 1844505072 | B5: =AVERAGEIF(Activity_merged!A:A,A5,Activity_merged!D:D) -> 3640.5833 | C5: =AVERAGEIF(Activity_merged!A:A,A5,Activity_merged!P:P) -> 1615.9167 | D5: =AVERAGEIF(Activity_merged!A:A,A5,Activity_merged!E:E) -> 2.4066667 | E5: =COUNTIF(Activity_merged!A:A,A5) -> 12 | F5: =IF(AND(B5=0,D5=0,E5>0),"Missing Data","OK") -> OK
A6: 1927972279 | B6: =AVERAGEIF(Activity_merged!A:A,A6,Activity_merged!D:D) -> 2180.8333 | C6: =AVERAGEIF(Activity_merged!A:A,A6,Activity_merged!P:P) -> 2254 | D6: =AVERAGEIF(Activity_merged!A:A,A6,Activity_merged!E:E) -> 1.5108333 | E6: =COUNTIF(Activity_merged!A:A,A6) -> 12 | F6: =IF(AND(B6=0,D6=0,E6>0),"Missing Data","OK") -> OK
A7: 2022484408 | B7: =AVERAGEIF(Activity_merged!A:A,A7,Activity_merged!D:D) -> 12174.917 | C7: =AVERAGEIF(Activity_merged!A:A,A7,Activity_merged!P:P) -> 2475.3333 | D7: =AVERAGEIF(Activity_merged!A:A,A7,Activity_merged!E:E) -> 8.7741668 | E7: =COUNTIF(Activity_merged!A:A,A7) -> 12 | F7: =IF(AND(B7=0,D7=0,E7>0),"Missing Data","OK") -> OK
A8: 2026352035 | B8: =AVERAGEIF(Activity_merged!A:A,A8,Activity_merged!D:D) -> 3392.75 | C8: =AVERAGEIF(Activity_merged!A:A,A8,Activity_merged!P:P) -> 1355.5 | D8: =AVERAGEIF(Activity_merged!A:A,A8,Activity_merged!E:E) -> 2.1033333 | E8: =COUNTIF(Activity_merged!A:A,A8) -> 12 | F8: =IF(AND(B8=0,D8=0,E8>0),"Missing Data","OK") -> OK
A9: 2320127002 | B9: =AVERAGEIF(Activity_merged!A:A,A9,Activity_merged!D:D) -> 3138.4167 | C9: =AVERAGEIF(Activity_merged!A:A,A9,Activity_merged!P:P) -> 1532.0833 | D9: =AVERAGEIF(Activity_merged!A:A,A9,Activity_merged!E:E) -> 2.1225 | E9: =COUNTIF(Activity_merged!A:A,A9) -> 12 | F9: =IF(AND(B9=0,D9=0,E9>0),"Missing Data","OK") -> OK
A10: 2347167796 | B10: =AVERAGEIF(Activity_merged!A:A,A10,Activity_merged!D:D) -> 9800.0667 | C10: =AVERAGEIF(Activity_merged!A:A,A10,Activity_merged!P:P) -> 2021.3333 | D10: =AVERAGEIF(Activity_merged!A:A,A10,Activity_merged!E:E) -> 6.5113334 | E10: =COUNTIF(Activity_merged!A:A,A10) -> 15 | F10: =IF(AND(B10=0,D10=0,E10>0),"Missing Data","OK") -> OK
A11: 2873212765 | B11: =AVERAGEIF(Activity_merged!A:A,A11,Activity_merged!D:D) -> 6636.5833 | C11: =AVERAGEIF(Activity_merged!A:A,A11,Activity_merged!P:P) -> 1695.75 | D11: =AVERAGEIF(Activity_merged!A:A,A11,Activity_merged!E:E) -> 4.4691667 | E11: =COUNTIF(Activity_merged!A:A,A11) -> 12 | F11: =IF(AND(B11=0,D11=0,E11>0),"Missing Data","OK") -> OK
A12: 2891001357 | B12: =AVERAGEIF(Activity_merged!A:A,A12,Activity_merged!D:D) -> 773.625 | C12: =AVERAGEIF(Activity_merged!A:A,A12,Activity_merged!P:P) -> 2273.375 | D12: =AVERAGEIF(Activity_merged!A:A,A12,Activity_merged!E:E) -> 0.60375001 | E12: =COUNTIF(Activity_merged!A:A,A12) -> 8 | F12: =IF(AND(B12=0,D12=0,E12>0),"Missing Data","OK") -> OK
A13: 3372868164 | B13: =AVERAGEIF(Activity_merged!A:A,A13,Activity_merged!D:D) -> 6127.5 | C13: =AVERAGEIF(Activity_merged!A:A,A13,Activity_merged!P:P) -> 1860.3 | D13: =AVERAGEIF(Activity_merged!A:A,A13,Activity_merged!E:E) -> 4.216 | E13: =COUNTIF(Activity_merged!A:A,A13) -> 10 | F13: =IF(AND(B13=0,D13=0,E13>0),"Missing Data","OK") -> OK
A14: 3977333714 | B14: =AVERAGEIF(Activity_merged!A:A,A14,Activity_merged!D:D) -> 8663.9167 | C14: =AVERAGEIF(Activity_merged!A:A,A14,Activity_merged!P:P) -> 1398.0833 | D14: =AVERAGEIF(Activity_merged!A:A,A14,Activity_merged!E:E) -> 5.8066666 | E14: =COUNTIF(Activity_merged!A:A,A14) -> 12 | F14: =IF(AND(B14=0,D14=0,E14>0),"Missing Data","OK") -> OK
... A36: 8877689391 | B36: =AVERAGEIF(Activity_merged!A:A,A36,Activity_merged!D:D) -> 17417.083 | C36: =AVERAGEIF(Activity_merged!A:A,A36,Activity_merged!P:P) -> 3451.1667 | D36: =AVERAGEIF(Activity_merged!A:A,A36,Activity_merged!E:E) -> 14.090833 | E36: =COUNTIF(Activity_merged!A:A,A36) -> 12 | F36: =IF(AND(B36=0,D36=0,E36>0),"Missing Data","OK") -> OK

Sheet sleep_summary
A1: Id | B1: AvgMinutesAsleep | C1: AvgHoursAsleep | D1: AvgTimeInBed | E1: AvgMinutesAwakeInBed | F1: SleepDaysTracked | G1: SleepDataFlag
A2: {=UNIQUE(sleepDay_merged!A2:A1000)} -> 1503960366 | B2: =AVERAGEIF(sleepDay_merged!A:A,A2,sleepDay_merged!E:E) -> 360.28 | C2: =B2/60 -> 6.0046667 | D2: =AVERAGEIF(sleepDay_merged!A:A,A2,sleepDay_merged!F:F) -> 383.2 | E2: =AVERAGEIF(sleepDay_merged!A:A, A2, sleepDay_merged!G:G) -> 22.92 | F2: =COUNTIF(sleepDay_merged!A:A,A2) -> 25 | G2: =IF(F2<7,"Low sleep records",IF(OR(C2<3,C2>10,E2>120),"Possible outlier","OK")) -> OK
A3: 1644430081 | B3: =AVERAGEIF(sleepDay_merged!A:A,A3,sleepDay_merged!E:E) -> 294 | C3: =B3/60 -> 4.9 | D3: =AVERAGEIF(sleepDay_merged!A:A,A3,sleepDay_merged!F:F) -> 346 | E3: =AVERAGEIF(sleepDay_merged!A:A, A3, sleepDay_merged!G:G) -> 52 | F3: =COUNTIF(sleepDay_merged!A:A,A3) -> 4 | G3: =IF(F3<7,"Low sleep records",IF(OR(C3<3,C3>10,E3>120),"Possible outlier","OK")) -> Low sleep records
A4: 1844505072 | B4: =AVERAGEIF(sleepDay_merged!A:A,A4,sleepDay_merged!E:E) -> 652 | C4: =B4/60 -> 10.866667 | D4: =AVERAGEIF(sleepDay_merged!A:A,A4,sleepDay_merged!F:F) -> 961 | E4: =AVERAGEIF(sleepDay_merged!A:A, A4, sleepDay_merged!G:G) -> 309 | F4: =COUNTIF(sleepDay_merged!A:A,A4) -> 3 | G4: =IF(F4<7,"Low sleep records",IF(OR(C4<3,C4>10,E4>120),"Possible outlier","OK")) -> Low sleep records
A5: 1927972279 | B5: =AVERAGEIF(sleepDay_merged!A:A,A5,sleepDay_merged!E:E) -> 417 | C5: =B5/60 -> 6.95 | D5: =AVERAGEIF(sleepDay_merged!A:A,A5,sleepDay_merged!F:F) -> 437.8 | E5: =AVERAGEIF(sleepDay_merged!A:A, A5, sleepDay_merged!G:G) -> 20.8 | F5: =COUNTIF(sleepDay_merged!A:A,A5) -> 5 | G5: =IF(F5<7,"Low sleep records",IF(OR(C5<3,C5>10,E5>120),"Possible outlier","OK")) -> Low sleep records
A6: 2026352035 | B6: =AVERAGEIF(sleepDay_merged!A:A,A6,sleepDay_merged!E:E) -> 506.17857 | C6: =B6/60 -> 8.4363095 | D6: =AVERAGEIF(sleepDay_merged!A:A,A6,sleepDay_merged!F:F) -> 537.64286 | E6: =AVERAGEIF(sleepDay_merged!A:A, A6, sleepDay_merged!G:G) -> 31.464286 | F6: =COUNTIF(sleepDay_merged!A:A,A6) -> 28 | G6: =IF(F6<7,"Low sleep records",IF(OR(C6<3,C6>10,E6>120),"Possible outlier","OK")) -> OK
A7: 2320127002 | B7: =AVERAGEIF(sleepDay_merged!A:A,A7,sleepDay_merged!E:E) -> 61 | C7: =B7/60 -> 1.0166667 | D7: =AVERAGEIF(sleepDay_merged!A:A,A7,sleepDay_merged!F:F) -> 69 | E7: =AVERAGEIF(sleepDay_merged!A:A, A7, sleepDay_merged!G:G) -> 8 | F7: =COUNTIF(sleepDay_merged!A:A,A7) -> 1 | G7: =IF(F7<7,"Low sleep records",IF(OR(C7<3,C7>10,E7>120),"Possible outlier","OK")) -> Low sleep records
A8: 2347167796 | B8: =AVERAGEIF(sleepDay_merged!A:A,A8,sleepDay_merged!E:E) -> 446.8 | C8: =B8/60 -> 7.4466667 | D8: =AVERAGEIF(sleepDay_merged!A:A,A8,sleepDay_merged!F:F) -> 491.33333 | E8: =AVERAGEIF(sleepDay_merged!A:A, A8, sleepDay_merged!G:G) -> 44.533333 | F8: =COUNTIF(sleepDay_merged!A:A,A8) -> 15 | G8: =IF(F8<7,"Low sleep records",IF(OR(C8<3,C8>10,E8>120),"Possible outlier","OK")) -> OK
A9: 3977333714 | B9: =AVERAGEIF(sleepDay_merged!A:A,A9,sleepDay_merged!E:E) -> 293.64286 | C9: =B9/60 -> 4.8940476 | D9: =AVERAGEIF(sleepDay_merged!A:A,A9,sleepDay_merged!F:F) -> 461.14286 | E9: =AVERAGEIF(sleepDay_merged!A:A, A9, sleepDay_merged!G:G) -> 167.5 | F9: =COUNTIF(sleepDay_merged!A:A,A9) -> 28 | G9: =IF(F9<7,"Low sleep records",IF(OR(C9<3,C9>10,E9>120),"Possible outlier","OK")) -> Possible outlier
A10: 4020332650 | B10: =AVERAGEIF(sleepDay_merged!A:A,A10,sleepDay_merged!E:E) -> 349.375 | C10: =B10/60 -> 5.8229167 | D10: =AVERAGEIF(sleepDay_merged!A:A,A10,sleepDay_merged!F:F) -> 379.75 | E10: =AVERAGEIF(sleepDay_merged!A:A, A10, sleepDay_merged!G:G) -> 30.375 | F10: =COUNTIF(sleepDay_merged!A:A,A10) -> 8 | G10: =IF(F10<7,"Low sleep records",IF(OR(C10<3,C10>10,E10>120),"Possible outlier","OK")) -> OK
A11: 4319703577 | B11: =AVERAGEIF(sleepDay_merged!A:A,A11,sleepDay_merged!E:E) -> 476.65385 | C11: =B11/60 -> 7.9442308 | D11: =AVERAGEIF(sleepDay_merged!A:A,A11,sleepDay_merged!F:F) -> 501.96154 | E11: =AVERAGEIF(sleepDay_merged!A:A, A11, sleepDay_merged!G:G) -> 25.307692 | F11: =COUNTIF(sleepDay_merged!A:A,A11) -> 26 | G11: =IF(F11<7,"Low sleep records",IF(OR(C11<3,C11>10,E11>120),"Possible outlier","OK")) -> OK
A12: 4388161847 | B12: =AVERAGEIF(sleepDay_merged!A:A,A12,sleepDay_merged!E:E) -> 403.125 | C12: =B12/60 -> 6.71875 | D12: =AVERAGEIF(sleepDay_merged!A:A,A12,sleepDay_merged!F:F) -> 426.20833 | E12: =AVERAGEIF(sleepDay_merged!A:A, A12, sleepDay_merged!G:G) -> 23.083333 | F12: =COUNTIF(sleepDay_merged!A:A,A12) -> 24 | G12: =IF(F12<7,"Low sleep records",IF(OR(C12<3,C12>10,E12>120),"Possible outlier","OK")) -> OK
A13: 4445114986 | B13: =AVERAGEIF(sleepDay_merged!A:A,A13,sleepDay_merged!E:E) -> 385.17857 | C13: =B13/60 -> 6.4196429 | D13: =AVERAGEIF(sleepDay_merged!A:A,A13,sleepDay_merged!F:F) -> 416.82143 | E13: =AVERAGEIF(sleepDay_merged!A:A, A13, sleepDay_merged!G:G) -> 31.642857 | F13: =COUNTIF(sleepDay_merged!A:A,A13) -> 28 | G13: =IF(F13<7,"Low sleep records",IF(OR(C13<3,C13>10,E13>120),"Possible outlier","OK")) -> OK
A14: 4558609924 | B14: =AVERAGEIF(sleepDay_merged!A:A,A14,sleepDay_merged!E:E) -> 127.6 | C14: =B14/60 -> 2.1266667 | D14: =AVERAGEIF(sleepDay_merged!A:A,A14,sleepDay_merged!F:F) -> 140 | E14: =AVERAGEIF(sleepDay_merged!A:A, A14, sleepDay_merged!G:G) -> 12.4 | F14: =COUNTIF(sleepDay_merged!A:A,A14) -> 5 | G14: =IF(F14<7,"Low sleep records",IF(OR(C14<3,C14>10,E14>120),"Possible outlier","OK")) -> Low sleep records
... A25: 8792009665 | B25: =AVERAGEIF(sleepDay_merged!A:A,A25,sleepDay_merged!E:E) -> 435.66667 | C25: =B25/60 -> 7.2611111 | D25: =AVERAGEIF(sleepDay_merged!A:A,A25,sleepDay_merged!F:F) -> 453.8 | E25: =AVERAGEIF(sleepDay_merged!A:A, A25, sleepDay_merged!G:G) -> 18.133333 | F25: =COUNTIF(sleepDay_merged!A:A,A25) -> 15 | G25: =IF(F25<7,"Low sleep records",IF(OR(C25<3,C25>10,E25>120),"Possible outlier","OK")) -> OK

Sheet Combined_User_Summary
A1: Id | B1: AvgSteps | C1: AvgCalories | D1: AvgDistance | E1: DaysTracked | F1: ActivityDataFlag | G1: AvgHoursAsleep | H1: AvgMinutesAwakeInBed | I1: SleepDaysTracked | J1: SleepDataFlag | K1: ActivityLevel
A2: =daily_summary!A2 -> 1503960366 | B2: =daily_summary!B2 -> 11640.526 | C2: =daily_summary!C2 -> 1796.2105 | D2: =daily_summary!D2 -> 7.6073685 | E2: =daily_summary!E2 -> 19 | F2: =daily_summary!F2 -> OK | G2: =IFERROR(VLOOKUP(A2,sleep_summary!A:G,3,FALSE),"No sleep data") -> 6.0046667 | H2: =IFERROR(VLOOKUP(A2,sleep_summary!A:G,5,FALSE),"No sleep data") -> 22.92 | I2: =IFERROR(VLOOKUP(A2,sleep_summary!A:G,6,FALSE),0) -> 25 | J2: =IFERROR(VLOOKUP(A2,sleep_summary!A:G,7,FALSE),"No sleep data") -> OK | K2: =IF(B2<5000,"Low",IF(B2<10000,"Moderate","High")) -> High
A3: =daily_summary!A3 -> 1624580081 | B3: =daily_summary!B3 -> 4226.2632 | C3: =daily_summary!C3 -> 1352.8947 | D3: =daily_summary!D3 -> 2.7468421 | E3: =daily_summary!E3 -> 19 | F3: =daily_summary!F3 -> OK | G3: =IFERROR(VLOOKUP(A3,sleep_summary!A:G,3,FALSE),"No sleep data") -> No sleep data | H3: =IFERROR(VLOOKUP(A3,sleep_summary!A:G,5,FALSE),"No sleep data") -> No sleep data | I3: =IFERROR(VLOOKUP(A3,sleep_summary!A:G,6,FALSE),0) -> 0 | J3: =IFERROR(VLOOKUP(A3,sleep_summary!A:G,7,FALSE),"No sleep data") -> No sleep data | K3: =IF(B3<5000,"Low",IF(B3<10000,"Moderate","High")) -> Low
A4: =daily_summary!A4 -> 1644430081 | B4: =daily_summary!B4 -> 9274.8 | C4: =daily_summary!C4 -> 2916.4 | D4: =daily_summary!D4 -> 6.749 | E4: =daily_summary!E4 -> 10 | F4: =daily_summary!F4 -> OK | G4: =IFERROR(VLOOKUP(A4,sleep_summary!A:G,3,FALSE),"No sleep data") -> 4.9 | H4: =IFERROR(VLOOKUP(A4,sleep_summary!A:G,5,FALSE),"No sleep data") -> 52 | I4: =IFERROR(VLOOKUP(A4,sleep_summary!A:G,6,FALSE),0) -> 4 | J4: =IFERROR(VLOOKUP(A4,sleep_summary!A:G,7,FALSE),"No sleep data") -> Low sleep records | K4: =IF(B4<5000,"Low",IF(B4<10000,"Moderate","High")) -> Moderate
A5: =daily_summary!A5 -> 1844505072 | B5: =daily_summary!B5 -> 3640.5833 | C5: =daily_summary!C5 -> 1615.9167 | D5: =daily_summary!D5 -> 2.4066667 | E5: =daily_summary!E5 -> 12 | F5: =daily_summary!F5 -> OK | G5: =IFERROR(VLOOKUP(A5,sleep_summary!A:G,3,FALSE),"No sleep data") -> 10.866667 | H5: =IFERROR(VLOOKUP(A5,sleep_summary!A:G,5,FALSE),"No sleep data") -> 309 | I5: =IFERROR(VLOOKUP(A5,sleep_summary!A:G,6,FALSE),0) -> 3 | J5: =IFERROR(VLOOKUP(A5,sleep_summary!A:G,7,FALSE),"No sleep data") -> Low sleep records | K5: =IF(B5<5000,"Low",IF(B5<10000,"Moderate","High")) -> Low
A6: =daily_summary!A6 -> 1927972279 | B6: =daily_summary!B6 -> 2180.8333 | C6: =daily_summary!C6 -> 2254 | D6: =daily_summary!D6 -> 1.5108333 | E6: =daily_summary!E6 -> 12 | F6: =daily_summary!F6 -> OK | G6: =IFERROR(VLOOKUP(A6,sleep_summary!A:G,3,FALSE),"No sleep data") -> 6.95 | H6: =IFERROR(VLOOKUP(A6,sleep_summary!A:G,5,FALSE),"No sleep data") -> 20.8 | I6: =IFERROR(VLOOKUP(A6,sleep_summary!A:G,6,FALSE),0) -> 5 | J6: =IFERROR(VLOOKUP(A6,sleep_summary!A:G,7,FALSE),"No sleep data") -> Low sleep records | K6: =IF(B6<5000,"Low",IF(B6<10000,"Moderate","High")) -> Low
A7: =daily_summary!A7 -> 2022484408 | B7: =daily_summary!B7 -> 12174.917 | C7: =daily_summary!C7 -> 2475.3333 | D7: =daily_summary!D7 -> 8.7741668 | E7: =daily_summary!E7 -> 12 | F7: =daily_summary!F7 -> OK | G7: =IFERROR(VLOOKUP(A7,sleep_summary!A:G,3,FALSE),"No sleep data") -> No sleep data | H7: =IFERROR(VLOOKUP(A7,sleep_summary!A:G,5,FALSE),"No sleep data") -> No sleep data | I7: =IFERROR(VLOOKUP(A7,sleep_summary!A:G,6,FALSE),0) -> 0 | J7: =IFERROR(VLOOKUP(A7,sleep_summary!A:G,7,FALSE),"No sleep data") -> No sleep data | K7: =IF(B7<5000,"Low",IF(B7<10000,"Moderate","High")) -> High
A8: =daily_summary!A8 -> 2026352035 | B8: =daily_summary!B8 -> 3392.75 | C8: =daily_summary!C8 -> 1355.5 | D8: =daily_summary!D8 -> 2.1033333 | E8: =daily_summary!E8 -> 12 | F8: =daily_summary!F8 -> OK | G8: =IFERROR(VLOOKUP(A8,sleep_summary!A:G,3,FALSE),"No sleep data") -> 8.4363095 | H8: =IFERROR(VLOOKUP(A8,sleep_summary!A:G,5,FALSE),"No sleep data") -> 31.464286 | I8: =IFERROR(VLOOKUP(A8,sleep_summary!A:G,6,FALSE),0) -> 28 | J8: =IFERROR(VLOOKUP(A8,sleep_summary!A:G,7,FALSE),"No sleep data") -> OK | K8: =IF(B8<5000,"Low",IF(B8<10000,"Moderate","High")) -> Low
A9: =daily_summary!A9 -> 2320127002 | B9: =daily_summary!B9 -> 3138.4167 | C9: =daily_summary!C9 -> 1532.0833 | D9: =daily_summary!D9 -> 2.1225 | E9: =daily_summary!E9 -> 12 | F9: =daily_summary!F9 -> OK | G9: =IFERROR(VLOOKUP(A9,sleep_summary!A:G,3,FALSE),"No sleep data") -> 1.0166667 | H9: =IFERROR(VLOOKUP(A9,sleep_summary!A:G,5,FALSE),"No sleep data") -> 8 | I9: =IFERROR(VLOOKUP(A9,sleep_summary!A:G,6,FALSE),0) -> 1 | J9: =IFERROR(VLOOKUP(A9,sleep_summary!A:G,7,FALSE),"No sleep data") -> Low sleep records | K9: =IF(B9<5000,"Low",IF(B9<10000,"Moderate","High")) -> Low
A10: =daily_summary!A10 -> 2347167796 | B10: =daily_summary!B10 -> 9800.0667 | C10: =daily_summary!C10 -> 2021.3333 | D10: =daily_summary!D10 -> 6.5113334 | E10: =daily_summary!E10 -> 15 | F10: =daily_summary!F10 -> OK | G10: =IFERROR(VLOOKUP(A10,sleep_summary!A:G,3,FALSE),"No sleep data") -> 7.4466667 | H10: =IFERROR(VLOOKUP(A10,sleep_summary!A:G,5,FALSE),"No sleep data") -> 44.533333 | I10: =IFERROR(VLOOKUP(A10,sleep_summary!A:G,6,FALSE),0) -> 15 | J10: =IFERROR(VLOOKUP(A10,sleep_summary!A:G,7,FALSE),"No sleep data") -> OK | K10: =IF(B10<5000,"Low",IF(B10<10000,"Moderate","High")) -> Moderate
A11: =daily_summary!A11 -> 2873212765 | B11: =daily_summary!B11 -> 6636.5833 | C11: =daily_summary!C11 -> 1695.75 | D11: =daily_summary!D11 -> 4.4691667 | E11: =daily_summary!E11 -> 12 | F11: =daily_summary!F11 -> OK | G11: =IFERROR(VLOOKUP(A11,sleep_summary!A:G,3,FALSE),"No sleep data") -> No sleep data | H11: =IFERROR(VLOOKUP(A11,sleep_summary!A:G,5,FALSE),"No sleep data") -> No sleep data | I11: =IFERROR(VLOOKUP(A11,sleep_summary!A:G,6,FALSE),0) -> 0 | J11: =IFERROR(VLOOKUP(A11,sleep_summary!A:G,7,FALSE),"No sleep data") -> No sleep data | K11: =IF(B11<5000,"Low",IF(B11<10000,"Moderate","High")) -> Moderate
A12: =daily_summary!A12 -> 2891001357 | B12: =daily_summary!B12 -> 773.625 | C12: =daily_summary!C12 -> 2273.375 | D12: =daily_summary!D12 -> 0.60375001 | E12: =daily_summary!E12 -> 8 | F12: =daily_summary!F12 -> OK | G12: =IFERROR(VLOOKUP(A12,sleep_summary!A:G,3,FALSE),"No sleep data") -> No sleep data | H12: =IFERROR(VLOOKUP(A12,sleep_summary!A:G,5,FALSE),"No sleep data") -> No sleep data | I12: =IFERROR(VLOOKUP(A12,sleep_summary!A:G,6,FALSE),0) -> 0 | J12: =IFERROR(VLOOKUP(A12,sleep_summary!A:G,7,FALSE),"No sleep data") -> No sleep data | K12: =IF(B12<5000,"Low",IF(B12<10000,"Moderate","High")) -> Low
A13: =daily_summary!A13 -> 3372868164 | B13: =daily_summary!B13 -> 6127.5 | C13: =daily_summary!C13 -> 1860.3 | D13: =daily_summary!D13 -> 4.216 | E13: =daily_summary!E13 -> 10 | F13: =daily_summary!F13 -> OK | G13: =IFERROR(VLOOKUP(A13,sleep_summary!A:G,3,FALSE),"No sleep data") -> No sleep data | H13: =IFERROR(VLOOKUP(A13,sleep_summary!A:G,5,FALSE),"No sleep data") -> No sleep data | I13: =IFERROR(VLOOKUP(A13,sleep_summary!A:G,6,FALSE),0) -> 0 | J13: =IFERROR(VLOOKUP(A13,sleep_summary!A:G,7,FALSE),"No sleep data") -> No sleep data | K13: =IF(B13<5000,"Low",IF(B13<10000,"Moderate","High")) -> Moderate
... A36: =daily_summary!A36 -> 8877689391 | B36: =daily_summary!B36 -> 17417.083 | C36: =daily_summary!C36 -> 3451.1667 | D36: =daily_summary!D36 -> 14.090833 | E36: =daily_summary!E36 -> 12 | F36: =daily_summary!F36 -> OK | G36: =IFERROR(VLOOKUP(A36,sleep_summary!A:G,3,FALSE),"No sleep data") -> No sleep data | H36: =IFERROR(VLOOKUP(A36,sleep_summary!A:G,5,FALSE),"No sleep data") -> No sleep data | I36: =IFERROR(VLOOKUP(A36,sleep_summary!A:G,6,FALSE),0) -> 0 | J36: =IFERROR(VLOOKUP(A36,sleep_summary!A:G,7,FALSE),"No sleep data") -> No sleep data | K36: =IF(B36<5000,"Low",IF(B36<10000,"Moderate","High")) -> High
A37: =daily_summary!A37
A38: =daily_summary!A38
A39: =daily_summary!A39
A40: =daily_summary!A40
A41: =daily_summary!A41
A42: =daily_summary!A42
A43: =daily_summary!A43
A44: =daily_summary!A44
A45: =daily_summary!A45
A46: =daily_summary!A46
A47: =daily_summary!A47
A48: =daily_summary!A48
... A66: =daily_summary!A66

Sheet Analysis_summary
A1: Metric
A2: Total users in activity data | B2: =COUNTA(Combined_User_Summary!A2:A1000) -> 35
A3: Users with sleep data | B3: =COUNTA(sleep_summary!A2:A1000) -> 24
A4: Avg daily steps | B4: =AVERAGE(Combined_User_Summary!B2:B1000) -> 6538.0974
A5: Median daily steps | B5: =MEDIAN(Combined_User_Summary!B2:B1000) -> 6103.9167
A6: Avg daily calories | B6: =Average(Combined_User_Summary!C2:C1000) -> 2184.6375
A7: Avg daily distance | B7: =AVERAGE(Combined_User_Summary!D2:D1000) -> 4.6789669
A8: Avg hours asleep | B8: =AVERAGEIF(Combined_User_Summary!J2:J1000,"<>No sleep data",Combined_User_Summary!G2:G1000) -> 6.2941253
A9: Median hours asleep | B9: =IFERROR(__xludf.DUMMYFUNCTION("MEDIAN(FILTER(Combined_User_Summary!G2:G1000,Combined_User_Summary!J2:J1000<>""No sleep data""))"),6.98452380952381) -> 6.9845238
A10: Avg minutes awake in bed | B10: =AVERAGEIF(Combined_User_Summary!J2:J1000,"<>No sleep data",Combined_User_Summary!H2:H1000) -> 42.44842
A11: Users flagged for activity data issues | B11: =COUNTIF(Combined_User_Summary!F2:F34,"<>OK") -> 1
A12: Users flagged for sleep data quality issues | B12: =COUNTIF(Combined_User_Summary!J2:J34,"<>OK") -> 19

Sheet segment_summary
A1: ActivityLevel | B1: UserCount | C1: AvgSteps | D1: AvgCalories | E1: AvgDistance | F1: AvgHoursAsleep | G1: AvgMinutesAwakeInBed | H1: UsersWithSleepData | I1: UsersWithoutSleepData
A2: Low | B2: =COUNTIF(Combined_User_Summary!K:K,A2) -> 14 | C2: =AVERAGEIF(Combined_User_Summary!K:K,A2,Combined_User_Summary!B:B) -> 2501.2914 | D2: =AVERAGEIF(Combined_User_Summary!K:K,A2,Combined_User_Summary!C:C) -> 1861.2128 | E2: =AVERAGEIF(Combined_User_Summary!K:K,A2,Combined_User_Summary!D:D) -> 1.7231856 | F2: =AVERAGEIF(Combined_User_Summary!K:K,A2,Combined_User_Summary!G:G) -> 6.8098781 | G2: =AVERAGEIF(Combined_User_Summary!K:K,A2,Combined_User_Summary!H:H) -> 63.160544 | H2: =COUNTIFS(Combined_User_Summary!K:K,A2,Combined_User_Summary!J:J,"<>No sleep data") -> 7 | I2: =COUNTIFS(Combined_User_Summary!K:K,A2,Combined_User_Summary!J:J,"No sleep data") -> 7
A3: Moderate | B3: =COUNTIF(Combined_User_Summary!K:K,A3) -> 15 | C3: =AVERAGEIF(Combined_User_Summary!K:K,A3,Combined_User_Summary!B:B) -> 7522.5595 | D3: =AVERAGEIF(Combined_User_Summary!K:K,A3,Combined_User_Summary!C:C) -> 2338.2095 | E3: =AVERAGEIF(Combined_User_Summary!K:K,A3,Combined_User_Summary!D:D) -> 5.3390658 | F3: =AVERAGEIF(Combined_User_Summary!K:K,A3,Combined_User_Summary!G:G) -> 6.44822 | G3: =AVERAGEIF(Combined_User_Summary!K:K,A3,Combined_User_Summary!H:H) -> 40.609429 | H3: =COUNTIFS(Combined_User_Summary!K:K,A3,Combined_User_Summary!J:J,"<>No sleep data") -> 13 | I3: =COUNTIFS(Combined_User_Summary!K:K,A3,Combined_User_Summary!J:J,"No sleep data") -> 2
A4: High | B4: =COUNTIF(Combined_User_Summary!K:K,A4) -> 6 | C4: =AVERAGEIF(Combined_User_Summary!K:K,A4,Combined_User_Summary!B:B) -> 13496.156 | D4: =AVERAGEIF(Combined_User_Summary!K:K,A4,Combined_User_Summary!C:C) -> 2555.365 | E4: =AVERAGEIF(Combined_User_Summary!K:K,A4,Combined_User_Summary!D:D) -> 9.9255426 | F4: =AVERAGEIF(Combined_User_Summary!K:K,A4,Combined_User_Summary!G:G) -> 4.89075 | G4: =AVERAGEIF(Combined_User_Summary!K:K,A4,Combined_User_Summary!H:H) -> 12.178925 | H4: =COUNTIFS(Combined_User_Summary!K:K,A4,Combined_User_Summary!J:J,"<>No sleep data") -> 4 | I4: =COUNTIFS(Combined_User_Summary!K:K,A4,Combined_User_Summary!J:J,"No sleep data") -> 2

Sheet Pivot Table 1

Sheet Pivot Table 3
A8: ActivityLevel | B8: Low sleep records | C8: No sleep data | D8: OK | E8: Possible outlier | F8: Grand Total
A9: Low | B9: 3 | C9: 7 | D9: 4 | F9: 14
A10: Moderate | B10: 3 | C10: 2 | D10: 9 | E10: 1 | F10: 15
A11: High | B11: 2 | C11: 2 | D11: 2 | F11: 6

Sheet Pivot_Tables
